{
  "parent": "minecraft:item/handheld",
  "credits": "This item is part of the Blades of Majestica resource pack made by Eftann.",
  "textures": {
    "0": "lapparsenal:item/creation_splitter",
    "1": "lapparsenal:item/flame_of_darkness",
    "particle": "lapparsenal:item/creation_splitter"
  },
  "elements": [
    {
      "name": "blah_0",
      "from": [8.625, 14.625, 8],
      "to": [8.75, 15, 8.125],
      "faces": {
        "north": { "uv": [7.75, 1, 7.625, 1.375], "texture": "#0" },
        "east": { "uv": [7.625, 1, 7.75, 1.375], "texture": "#0" },
        "south": { "uv": [7.625, 1, 7.75, 1.375], "texture": "#0" },
        "west": { "uv": [7.625, 1, 7.75, 1.375], "texture": "#0" },
        "up": { "uv": [7.625, 1, 7.75, 1.125], "texture": "#0" },
        "down": { "uv": [7.625, 1.25, 7.75, 1.375], "texture": "#0" }
      }
    },
    {
      "name": "blah_1",
      "from": [8.5, 14.5, 8],
      "to": [8.625, 14.875, 8.125],
      "faces": {
        "north": { "uv": [7.625, 1.125, 7.5, 1.5], "texture": "#0" },
        "east": { "uv": [7.5, 1.125, 7.625, 1.5], "texture": "#0" },
        "south": { "uv": [7.5, 1.125, 7.625, 1.5], "texture": "#0" },
        "west": { "uv": [7.5, 1.125, 7.625, 1.5], "texture": "#0" },
        "up": { "uv": [7.5, 1.125, 7.625, 1.25], "texture": "#0" },
        "down": { "uv": [7.5, 1.375, 7.625, 1.5], "texture": "#0" }
      }
    },
    {
      "name": "blah_2",
      "from": [8.375, 14.375, 8],
      "to": [8.5, 14.75, 8.125],
      "faces": {
        "north": { "uv": [7.5, 1.25, 7.375, 1.625], "texture": "#0" },
        "east": { "uv": [7.375, 1.25, 7.5, 1.625], "texture": "#0" },
        "south": { "uv": [7.375, 1.25, 7.5, 1.625], "texture": "#0" },
        "west": { "uv": [7.375, 1.25, 7.5, 1.625], "texture": "#0" },
        "up": { "uv": [7.375, 1.25, 7.5, 1.375], "texture": "#0" },
        "down": { "uv": [7.375, 1.5, 7.5, 1.625], "texture": "#0" }
      }
    },
    {
      "name": "blah_3",
      "from": [8.25, 14.125, 8],
      "to": [8.375, 14.625, 8.125],
      "faces": {
        "north": { "uv": [7.375, 1.375, 7.25, 1.875], "texture": "#0" },
        "east": { "uv": [7.25, 1.375, 7.375, 1.875], "texture": "#0" },
        "south": { "uv": [7.25, 1.375, 7.375, 1.875], "texture": "#0" },
        "west": { "uv": [7.25, 1.375, 7.375, 1.875], "texture": "#0" },
        "up": { "uv": [7.25, 1.375, 7.375, 1.5], "texture": "#0" },
        "down": { "uv": [7.25, 1.75, 7.375, 1.875], "texture": "#0" }
      }
    },
    {
      "name": "blah_4",
      "from": [8.625, 14.375, 7.95],
      "to": [8.75, 14.625, 8.175],
      "faces": {
        "north": { "uv": [9, 1.375, 8.875, 1.625], "texture": "#0" },
        "east": { "uv": [8.875, 1.375, 9, 1.625], "texture": "#0" },
        "south": { "uv": [8.875, 1.375, 9, 1.625], "texture": "#0" },
        "west": { "uv": [8.875, 1.375, 9, 1.625], "texture": "#0" },
        "up": { "uv": [8.875, 1.375, 9, 1.5], "texture": "#0" },
        "down": { "uv": [8.875, 1.5, 9, 1.625], "texture": "#0" }
      }
    },
    {
      "name": "blah_5",
      "from": [8.125, 13.75, 8],
      "to": [8.25, 14.5, 8.125],
      "faces": {
        "north": { "uv": [7.25, 1.5, 7.125, 2.25], "texture": "#0" },
        "east": { "uv": [7.125, 1.5, 7.25, 2.25], "texture": "#0" },
        "south": { "uv": [7.125, 1.5, 7.25, 2.25], "texture": "#0" },
        "west": { "uv": [7.125, 1.5, 7.25, 2.25], "texture": "#0" },
        "up": { "uv": [7.125, 1.5, 7.25, 1.625], "texture": "#0" },
        "down": { "uv": [7.125, 2.125, 7.25, 2.25], "texture": "#0" }
      }
    },
    {
      "name": "blah_6",
      "from": [8.5, 14.125, 7.95],
      "to": [8.625, 14.5, 8.175],
      "faces": {
        "north": { "uv": [8.875, 1.5, 8.75, 1.875], "texture": "#0" },
        "east": { "uv": [8.75, 1.5, 8.875, 1.875], "texture": "#0" },
        "south": { "uv": [8.75, 1.5, 8.875, 1.875], "texture": "#0" },
        "west": { "uv": [8.75, 1.5, 8.875, 1.875], "texture": "#0" },
        "up": { "uv": [8.75, 1.5, 8.875, 1.625], "texture": "#0" },
        "down": { "uv": [8.75, 1.75, 8.875, 1.875], "texture": "#0" }
      }
    },
    {
      "name": "blah_7",
      "from": [8.375, 13.375, 7.95],
      "to": [8.5, 14.375, 8.175],
      "faces": {
        "north": { "uv": [8.75, 1.625, 8.625, 2.625], "texture": "#0" },
        "east": { "uv": [8.625, 1.625, 8.75, 2.625], "texture": "#0" },
        "south": { "uv": [8.625, 1.625, 8.75, 2.625], "texture": "#0" },
        "west": { "uv": [8.625, 1.625, 8.75, 2.625], "texture": "#0" },
        "up": { "uv": [8.625, 1.625, 8.75, 1.75], "texture": "#0" },
        "down": { "uv": [8.625, 2.5, 8.75, 2.625], "texture": "#0" }
      }
    },
    {
      "name": "blah_8",
      "from": [8, 12.25, 8],
      "to": [8.125, 14.25, 8.125],
      "faces": {
        "north": { "uv": [7.125, 1.75, 7, 3.75], "texture": "#0" },
        "east": { "uv": [7, 1.75, 7.125, 3.75], "texture": "#0" },
        "south": { "uv": [7, 1.75, 7.125, 3.75], "texture": "#0" },
        "west": { "uv": [7, 1.75, 7.125, 3.75], "texture": "#0" },
        "up": { "uv": [7, 1.75, 7.125, 1.875], "texture": "#0" },
        "down": { "uv": [7, 3.625, 7.125, 3.75], "texture": "#0" }
      }
    },
    {
      "name": "blah_9",
      "from": [8.25, 12.25, 7.95],
      "to": [8.375, 14.125, 8.175],
      "faces": {
        "north": { "uv": [8.625, 1.875, 8.5, 3.75], "texture": "#0" },
        "east": { "uv": [8.5, 1.875, 8.625, 3.75], "texture": "#0" },
        "south": { "uv": [8.5, 1.875, 8.625, 3.75], "texture": "#0" },
        "west": { "uv": [8.5, 1.875, 8.625, 3.75], "texture": "#0" },
        "up": { "uv": [8.5, 1.875, 8.625, 2], "texture": "#0" },
        "down": { "uv": [8.5, 3.625, 8.625, 3.75], "texture": "#0" }
      }
    },
    {
      "name": "blah_10",
      "from": [7.875, 9.125, 8],
      "to": [8, 13.875, 8.125],
      "faces": {
        "north": { "uv": [7, 2.125, 6.875, 6.875], "texture": "#0" },
        "east": { "uv": [6.875, 2.125, 7, 6.875], "texture": "#0" },
        "south": { "uv": [6.875, 2.125, 7, 6.875], "texture": "#0" },
        "west": { "uv": [6.875, 2.125, 7, 6.875], "texture": "#0" },
        "up": { "uv": [6.875, 2.125, 7, 2.25], "texture": "#0" },
        "down": { "uv": [6.875, 6.75, 7, 6.875], "texture": "#0" }
      }
    },
    {
      "name": "blah_11",
      "from": [8.125, 8.375, 7.95],
      "to": [8.25, 13.75, 8.175],
      "faces": {
        "north": { "uv": [8.5, 2.25, 8.375, 7.625], "texture": "#0" },
        "east": { "uv": [8.375, 2.25, 8.5, 7.625], "texture": "#0" },
        "south": { "uv": [8.375, 2.25, 8.5, 7.625], "texture": "#0" },
        "west": { "uv": [8.375, 2.25, 8.5, 7.625], "texture": "#0" },
        "up": { "uv": [8.375, 2.25, 8.5, 2.375], "texture": "#0" },
        "down": { "uv": [8.375, 7.5, 8.5, 7.625], "texture": "#0" }
      }
    },
    {
      "name": "blah_12",
      "from": [7.75, 8.875, 8],
      "to": [7.875, 13.375, 8.125],
      "faces": {
        "north": { "uv": [6.875, 2.625, 6.75, 7.125], "texture": "#0" },
        "east": { "uv": [6.75, 2.625, 6.875, 7.125], "texture": "#0" },
        "south": { "uv": [6.75, 2.625, 6.875, 7.125], "texture": "#0" },
        "west": { "uv": [6.75, 2.625, 6.875, 7.125], "texture": "#0" },
        "up": { "uv": [6.75, 2.625, 6.875, 2.75], "texture": "#0" },
        "down": { "uv": [6.75, 7, 6.875, 7.125], "texture": "#0" }
      }
    },
    {
      "name": "blah_13",
      "from": [7.625, 7.625, 8],
      "to": [7.75, 12.25, 8.125],
      "faces": {
        "north": { "uv": [6.75, 3.75, 6.625, 8.375], "texture": "#0" },
        "east": { "uv": [6.625, 3.75, 6.75, 8.375], "texture": "#0" },
        "south": { "uv": [6.625, 3.75, 6.75, 8.375], "texture": "#0" },
        "west": { "uv": [6.625, 3.75, 6.75, 8.375], "texture": "#0" },
        "up": { "uv": [6.625, 3.75, 6.75, 3.875], "texture": "#0" },
        "down": { "uv": [6.625, 8.25, 6.75, 8.375], "texture": "#0" }
      }
    },
    {
      "name": "blah_14",
      "from": [8, 8.625, 7.95],
      "to": [8.125, 12.25, 8.175],
      "faces": {
        "north": { "uv": [8.375, 3.75, 8.25, 7.375], "texture": "#0" },
        "east": { "uv": [8.25, 3.75, 8.375, 7.375], "texture": "#0" },
        "south": { "uv": [8.25, 3.75, 8.375, 7.375], "texture": "#0" },
        "west": { "uv": [8.25, 3.75, 8.375, 7.375], "texture": "#0" },
        "up": { "uv": [8.25, 3.75, 8.375, 3.875], "texture": "#0" },
        "down": { "uv": [8.25, 7.25, 8.375, 7.375], "texture": "#0" }
      }
    },
    {
      "name": "blah_15",
      "from": [8.25, 9.75, 7.95],
      "to": [8.5, 9.875, 8.175],
      "faces": {
        "north": { "uv": [8.75, 6.125, 8.5, 6.25], "texture": "#0" },
        "east": { "uv": [8.625, 6.125, 8.75, 6.25], "texture": "#0" },
        "south": { "uv": [8.5, 6.125, 8.75, 6.25], "texture": "#0" },
        "west": { "uv": [8.5, 6.125, 8.625, 6.25], "texture": "#0" },
        "up": { "uv": [8.5, 6.125, 8.75, 6.25], "texture": "#0" },
        "down": { "uv": [8.5, 6.125, 8.75, 6.25], "texture": "#0" }
      }
    },
    {
      "name": "blah_16",
      "from": [8.25, 9.5, 7.95],
      "to": [8.375, 9.75, 8.175],
      "faces": {
        "north": { "uv": [8.625, 6.25, 8.5, 6.5], "texture": "#0" },
        "east": { "uv": [8.5, 6.25, 8.625, 6.5], "texture": "#0" },
        "south": { "uv": [8.5, 6.25, 8.625, 6.5], "texture": "#0" },
        "west": { "uv": [8.5, 6.25, 8.625, 6.5], "texture": "#0" },
        "up": { "uv": [8.5, 6.25, 8.625, 6.375], "texture": "#0" },
        "down": { "uv": [8.5, 6.375, 8.625, 6.5], "texture": "#0" }
      }
    },
    {
      "name": "blah_17",
      "from": [7.5, 7.75, 8],
      "to": [7.625, 9.375, 8.125],
      "faces": {
        "north": { "uv": [6.625, 6.625, 6.5, 8.25], "texture": "#0" },
        "east": { "uv": [6.5, 6.625, 6.625, 8.25], "texture": "#0" },
        "south": { "uv": [6.5, 6.625, 6.625, 8.25], "texture": "#0" },
        "west": { "uv": [6.5, 6.625, 6.625, 8.25], "texture": "#0" },
        "up": { "uv": [6.5, 6.625, 6.625, 6.75], "texture": "#0" },
        "down": { "uv": [6.5, 8.125, 6.625, 8.25], "texture": "#0" }
      }
    },
    {
      "name": "blah_18",
      "from": [8.25, 9.125, 7.95],
      "to": [8.5, 9.25, 8.175],
      "faces": {
        "north": { "uv": [8.75, 6.75, 8.5, 6.875], "texture": "#0" },
        "east": { "uv": [8.625, 6.75, 8.75, 6.875], "texture": "#0" },
        "south": { "uv": [8.5, 6.75, 8.75, 6.875], "texture": "#0" },
        "west": { "uv": [8.5, 6.75, 8.625, 6.875], "texture": "#0" },
        "up": { "uv": [8.5, 6.75, 8.75, 6.875], "texture": "#0" },
        "down": { "uv": [8.5, 6.75, 8.75, 6.875], "texture": "#0" }
      }
    },
    {
      "name": "blah_19",
      "from": [7.875, 8, 7.9],
      "to": [8, 9.125, 8.225],
      "faces": {
        "north": { "uv": [8, 6.875, 7.875, 8], "texture": "#0" },
        "east": { "uv": [7.875, 6.875, 8, 8], "texture": "#0" },
        "south": { "uv": [7.875, 6.875, 8, 8], "texture": "#0" },
        "west": { "uv": [7.875, 6.875, 8, 8], "texture": "#0" },
        "up": { "uv": [7.875, 6.875, 8, 7], "texture": "#0" },
        "down": { "uv": [7.875, 7.875, 8, 8], "texture": "#0" }
      }
    },
    {
      "name": "blah_20",
      "from": [8.25, 8.875, 7.95],
      "to": [8.375, 9.125, 8.175],
      "faces": {
        "north": { "uv": [8.625, 6.875, 8.5, 7.125], "texture": "#0" },
        "east": { "uv": [8.5, 6.875, 8.625, 7.125], "texture": "#0" },
        "south": { "uv": [8.5, 6.875, 8.625, 7.125], "texture": "#0" },
        "west": { "uv": [8.5, 6.875, 8.625, 7.125], "texture": "#0" },
        "up": { "uv": [8.5, 6.875, 8.625, 7], "texture": "#0" },
        "down": { "uv": [8.5, 7, 8.625, 7.125], "texture": "#0" }
      }
    },
    {
      "name": "blah_21",
      "from": [7.75, 8.375, 7.9],
      "to": [7.875, 8.875, 8.225],
      "faces": {
        "north": { "uv": [7.875, 7.125, 7.75, 7.625], "texture": "#0" },
        "east": { "uv": [7.75, 7.125, 7.875, 7.625], "texture": "#0" },
        "south": { "uv": [7.75, 7.125, 7.875, 7.625], "texture": "#0" },
        "west": { "uv": [7.75, 7.125, 7.875, 7.625], "texture": "#0" },
        "up": { "uv": [7.75, 7.125, 7.875, 7.25], "texture": "#0" },
        "down": { "uv": [7.75, 7.5, 7.875, 7.625], "texture": "#0" }
      }
    },
    {
      "name": "blah_22",
      "from": [8.25, 8.625, 7.95],
      "to": [8.5, 8.75, 8.175],
      "faces": {
        "north": { "uv": [8.75, 7.25, 8.5, 7.375], "texture": "#0" },
        "east": { "uv": [8.625, 7.25, 8.75, 7.375], "texture": "#0" },
        "south": { "uv": [8.5, 7.25, 8.75, 7.375], "texture": "#0" },
        "west": { "uv": [8.5, 7.25, 8.625, 7.375], "texture": "#0" },
        "up": { "uv": [8.5, 7.25, 8.75, 7.375], "texture": "#0" },
        "down": { "uv": [8.5, 7.25, 8.75, 7.375], "texture": "#0" }
      }
    },
    {
      "name": "blah_23",
      "from": [8, 6.5, 7.9],
      "to": [8.125, 8.625, 8.225],
      "faces": {
        "north": { "uv": [8.125, 7.375, 8, 9.5], "texture": "#0" },
        "east": { "uv": [8, 7.375, 8.125, 9.5], "texture": "#0" },
        "south": { "uv": [8, 7.375, 8.125, 9.5], "texture": "#0" },
        "west": { "uv": [8, 7.375, 8.125, 9.5], "texture": "#0" },
        "up": { "uv": [8, 7.375, 8.125, 7.5], "texture": "#0" },
        "down": { "uv": [8, 9.375, 8.125, 9.5], "texture": "#0" }
      }
    },
    {
      "name": "blah_24",
      "from": [8.25, 8.375, 7.95],
      "to": [8.375, 8.625, 8.175],
      "faces": {
        "north": { "uv": [8.625, 7.375, 8.5, 7.625], "texture": "#0" },
        "east": { "uv": [8.5, 7.375, 8.625, 7.625], "texture": "#0" },
        "south": { "uv": [8.5, 7.375, 8.625, 7.625], "texture": "#0" },
        "west": { "uv": [8.5, 7.375, 8.625, 7.625], "texture": "#0" },
        "up": { "uv": [8.5, 7.375, 8.625, 7.5], "texture": "#0" },
        "down": { "uv": [8.5, 7.5, 8.625, 7.625], "texture": "#0" }
      }
    },
    {
      "name": "blah_25",
      "from": [7.375, 7.875, 8],
      "to": [7.5, 8.375, 8.125],
      "faces": {
        "north": { "uv": [6.5, 7.625, 6.375, 8.125], "texture": "#0" },
        "east": { "uv": [6.375, 7.625, 6.5, 8.125], "texture": "#0" },
        "south": { "uv": [6.375, 7.625, 6.5, 8.125], "texture": "#0" },
        "west": { "uv": [6.375, 7.625, 6.5, 8.125], "texture": "#0" },
        "up": { "uv": [6.375, 7.625, 6.5, 7.75], "texture": "#0" },
        "down": { "uv": [6.375, 8, 6.5, 8.125], "texture": "#0" }
      }
    },
    {
      "name": "blah_26",
      "from": [7.75, 7.25, 8],
      "to": [7.875, 8.375, 8.125],
      "faces": {
        "north": { "uv": [6.875, 7.625, 6.75, 8.75], "texture": "#0" },
        "east": { "uv": [6.75, 7.625, 6.875, 8.75], "texture": "#0" },
        "south": { "uv": [6.75, 7.625, 6.875, 8.75], "texture": "#0" },
        "west": { "uv": [6.75, 7.625, 6.875, 8.75], "texture": "#0" },
        "up": { "uv": [6.75, 7.625, 6.875, 7.75], "texture": "#0" },
        "down": { "uv": [6.75, 8.625, 6.875, 8.75], "texture": "#0" }
      }
    },
    {
      "name": "blah_27",
      "from": [8.125, 7, 7.9],
      "to": [8.375, 8.375, 8.225],
      "faces": {
        "north": { "uv": [8.375, 7.625, 8.125, 9], "texture": "#0" },
        "east": { "uv": [8.25, 7.625, 8.375, 9], "texture": "#0" },
        "south": { "uv": [8.125, 7.625, 8.375, 9], "texture": "#0" },
        "west": { "uv": [8.125, 7.625, 8.25, 9], "texture": "#0" },
        "up": { "uv": [8.125, 7.625, 8.375, 7.75], "texture": "#0" },
        "down": { "uv": [8.125, 8.875, 8.375, 9], "texture": "#0" }
      }
    },
    {
      "name": "blah_28",
      "from": [7.25, 7.875, 8],
      "to": [7.375, 8, 8.125],
      "faces": {
        "north": { "uv": [6.375, 8, 6.25, 8.125], "texture": "#0" },
        "east": { "uv": [6.25, 8, 6.375, 8.125], "texture": "#0" },
        "south": { "uv": [6.25, 8, 6.375, 8.125], "texture": "#0" },
        "west": { "uv": [6.25, 8, 6.375, 8.125], "texture": "#0" },
        "up": { "uv": [6.25, 8, 6.375, 8.125], "texture": "#0" },
        "down": { "uv": [6.25, 8, 6.375, 8.125], "texture": "#0" }
      }
    },
    {
      "name": "blah_29",
      "from": [7.875, 7.375, 8],
      "to": [8, 8, 8.125],
      "faces": {
        "north": { "uv": [7, 8, 6.875, 8.625], "texture": "#0" },
        "east": { "uv": [6.875, 8, 7, 8.625], "texture": "#0" },
        "south": { "uv": [6.875, 8, 7, 8.625], "texture": "#0" },
        "west": { "uv": [6.875, 8, 7, 8.625], "texture": "#0" },
        "up": { "uv": [6.875, 8, 7, 8.125], "texture": "#0" },
        "down": { "uv": [6.875, 8.5, 7, 8.625], "texture": "#0" }
      }
    },
    {
      "name": "blah_30",
      "from": [7.625, 6.5, 7.9],
      "to": [7.75, 7.625, 8.225],
      "faces": {
        "north": { "uv": [7.75, 8.375, 7.625, 9.5], "texture": "#0" },
        "east": { "uv": [7.625, 8.375, 7.75, 9.5], "texture": "#0" },
        "south": { "uv": [7.625, 8.375, 7.75, 9.5], "texture": "#0" },
        "west": { "uv": [7.625, 8.375, 7.75, 9.5], "texture": "#0" },
        "up": { "uv": [7.625, 8.375, 7.75, 8.5], "texture": "#0" },
        "down": { "uv": [7.625, 9.375, 7.75, 9.5], "texture": "#0" }
      }
    },
    {
      "name": "blah_31",
      "from": [8.375, 7.25, 7.9],
      "to": [8.5, 7.625, 8.225],
      "faces": {
        "north": { "uv": [8.5, 8.375, 8.375, 8.75], "texture": "#0" },
        "east": { "uv": [8.375, 8.375, 8.5, 8.75], "texture": "#0" },
        "south": { "uv": [8.375, 8.375, 8.5, 8.75], "texture": "#0" },
        "west": { "uv": [8.375, 8.375, 8.5, 8.75], "texture": "#0" },
        "up": { "uv": [8.375, 8.375, 8.5, 8.5], "texture": "#0" },
        "down": { "uv": [8.375, 8.625, 8.5, 8.75], "texture": "#0" }
      }
    },
    {
      "name": "blah_32",
      "from": [7.875, 6.5, 7.9],
      "to": [8, 7.375, 8.225],
      "faces": {
        "north": { "uv": [8, 8.625, 7.875, 9.5], "texture": "#0" },
        "east": { "uv": [7.875, 8.625, 8, 9.5], "texture": "#0" },
        "south": { "uv": [7.875, 8.625, 8, 9.5], "texture": "#0" },
        "west": { "uv": [7.875, 8.625, 8, 9.5], "texture": "#0" },
        "up": { "uv": [7.875, 8.625, 8, 8.75], "texture": "#0" },
        "down": { "uv": [7.875, 9.375, 8, 9.5], "texture": "#0" }
      }
    },
    {
      "name": "blah_33",
      "from": [7.75, 6.5, 7.9],
      "to": [7.875, 7.25, 8.225],
      "faces": {
        "north": { "uv": [7.875, 8.75, 7.75, 9.5], "texture": "#0" },
        "east": { "uv": [7.75, 8.75, 7.875, 9.5], "texture": "#0" },
        "south": { "uv": [7.75, 8.75, 7.875, 9.5], "texture": "#0" },
        "west": { "uv": [7.75, 8.75, 7.875, 9.5], "texture": "#0" },
        "up": { "uv": [7.75, 8.75, 7.875, 8.875], "texture": "#0" },
        "down": { "uv": [7.75, 9.375, 7.875, 9.5], "texture": "#0" }
      }
    },
    {
      "name": "blah_34",
      "from": [7.5, 6.625, 7.9],
      "to": [7.625, 7.125, 8.225],
      "faces": {
        "north": { "uv": [7.625, 8.875, 7.5, 9.375], "texture": "#0" },
        "east": { "uv": [7.5, 8.875, 7.625, 9.375], "texture": "#0" },
        "south": { "uv": [7.5, 8.875, 7.625, 9.375], "texture": "#0" },
        "west": { "uv": [7.5, 8.875, 7.625, 9.375], "texture": "#0" },
        "up": { "uv": [7.5, 8.875, 7.625, 9], "texture": "#0" },
        "down": { "uv": [7.5, 9.25, 7.625, 9.375], "texture": "#0" }
      }
    },
    {
      "name": "blah_35",
      "from": [8.5, 6.625, 7.9],
      "to": [8.625, 7.125, 8.225],
      "faces": {
        "north": { "uv": [9.375, 8.875, 9.25, 9.375], "texture": "#0" },
        "east": { "uv": [9.25, 8.875, 9.375, 9.375], "texture": "#0" },
        "south": { "uv": [9.25, 8.875, 9.375, 9.375], "texture": "#0" },
        "west": { "uv": [9.25, 8.875, 9.375, 9.375], "texture": "#0" },
        "up": { "uv": [9.25, 8.875, 9.375, 9], "texture": "#0" },
        "down": { "uv": [9.25, 9.25, 9.375, 9.375], "texture": "#0" }
      }
    },
    {
      "name": "blah_36",
      "from": [8.125, 6.5, 7.9],
      "to": [8.25, 7, 8.225],
      "faces": {
        "north": { "uv": [8.25, 9, 8.125, 9.5], "texture": "#0" },
        "east": { "uv": [8.125, 9, 8.25, 9.5], "texture": "#0" },
        "south": { "uv": [8.125, 9, 8.25, 9.5], "texture": "#0" },
        "west": { "uv": [8.125, 9, 8.25, 9.5], "texture": "#0" },
        "up": { "uv": [8.125, 9, 8.25, 9.125], "texture": "#0" },
        "down": { "uv": [8.125, 9.375, 8.25, 9.5], "texture": "#0" }
      }
    },
    {
      "name": "blah_37",
      "from": [8.625, 6.625, 7.95],
      "to": [8.875, 7, 8.175],
      "faces": {
        "north": { "uv": [9.625, 9, 9.375, 9.375], "texture": "#0" },
        "east": { "uv": [9.5, 9, 9.625, 9.375], "texture": "#0" },
        "south": { "uv": [9.375, 9, 9.625, 9.375], "texture": "#0" },
        "west": { "uv": [9.375, 9, 9.5, 9.375], "texture": "#0" },
        "up": { "uv": [9.375, 9, 9.625, 9.125], "texture": "#0" },
        "down": { "uv": [9.375, 9.25, 9.625, 9.375], "texture": "#0" }
      }
    },
    {
      "name": "blah_38",
      "from": [8.25, 6.5, 7.9],
      "to": [8.375, 6.75, 8.225],
      "faces": {
        "north": { "uv": [8.375, 9.25, 8.25, 9.5], "texture": "#0" },
        "east": { "uv": [8.25, 9.25, 8.375, 9.5], "texture": "#0" },
        "south": { "uv": [8.25, 9.25, 8.375, 9.5], "texture": "#0" },
        "west": { "uv": [8.25, 9.25, 8.375, 9.5], "texture": "#0" },
        "up": { "uv": [8.25, 9.25, 8.375, 9.375], "texture": "#0" },
        "down": { "uv": [8.25, 9.375, 8.375, 9.5], "texture": "#0" }
      }
    },
    {
      "name": "blah_39",
      "from": [8.875, 6.5, 8],
      "to": [9, 6.75, 8.125],
      "faces": {
        "north": { "uv": [9, 9.25, 8.875, 9.5], "texture": "#0" },
        "east": { "uv": [8.875, 9.25, 9, 9.5], "texture": "#0" },
        "south": { "uv": [8.875, 9.25, 9, 9.5], "texture": "#0" },
        "west": { "uv": [8.875, 9.25, 9, 9.5], "texture": "#0" },
        "up": { "uv": [8.875, 9.25, 9, 9.375], "texture": "#0" },
        "down": { "uv": [8.875, 9.375, 9, 9.5], "texture": "#0" }
      }
    },
    {
      "name": "blah_40",
      "from": [8.625, 6.5, 8],
      "to": [8.75, 6.625, 8.125],
      "faces": {
        "north": { "uv": [8.75, 9.375, 8.625, 9.5], "texture": "#0" },
        "east": { "uv": [8.625, 9.375, 8.75, 9.5], "texture": "#0" },
        "south": { "uv": [8.625, 9.375, 8.75, 9.5], "texture": "#0" },
        "west": { "uv": [8.625, 9.375, 8.75, 9.5], "texture": "#0" },
        "up": { "uv": [8.625, 9.375, 8.75, 9.5], "texture": "#0" },
        "down": { "uv": [8.625, 9.375, 8.75, 9.5], "texture": "#0" }
      }
    },
    {
      "name": "blah_41",
      "from": [8.75, 6.5, 7.95],
      "to": [8.875, 6.625, 8.175],
      "faces": {
        "north": { "uv": [9.625, 9.375, 9.5, 9.5], "texture": "#0" },
        "east": { "uv": [9.5, 9.375, 9.625, 9.5], "texture": "#0" },
        "south": { "uv": [9.5, 9.375, 9.625, 9.5], "texture": "#0" },
        "west": { "uv": [9.5, 9.375, 9.625, 9.5], "texture": "#0" },
        "up": { "uv": [9.5, 9.375, 9.625, 9.5], "texture": "#0" },
        "down": { "uv": [9.5, 9.375, 9.625, 9.5], "texture": "#0" }
      }
    },
    {
      "name": "blah_42",
      "from": [7.625, 6.25, 7.85],
      "to": [8.375, 6.5, 8.275],
      "faces": {
        "north": { "uv": [5.875, 9.5, 5.125, 9.75], "texture": "#0" },
        "east": { "uv": [5.75, 9.5, 5.875, 9.75], "texture": "#0" },
        "south": { "uv": [5.125, 9.5, 5.875, 9.75], "texture": "#0" },
        "west": { "uv": [5.125, 9.5, 5.25, 9.75], "texture": "#0" },
        "up": { "uv": [5.125, 9.5, 5.875, 9.625], "texture": "#0" },
        "down": { "uv": [5.125, 9.625, 5.875, 9.75], "texture": "#0" }
      }
    },
    {
      "name": "blah_43",
      "from": [8.75, 6.375, 8],
      "to": [8.875, 6.5, 8.125],
      "faces": {
        "north": { "uv": [8.875, 9.5, 8.75, 9.625], "texture": "#0" },
        "east": { "uv": [8.75, 9.5, 8.875, 9.625], "texture": "#0" },
        "south": { "uv": [8.75, 9.5, 8.875, 9.625], "texture": "#0" },
        "west": { "uv": [8.75, 9.5, 8.875, 9.625], "texture": "#0" },
        "up": { "uv": [8.75, 9.5, 8.875, 9.625], "texture": "#0" },
        "down": { "uv": [8.75, 9.5, 8.875, 9.625], "texture": "#0" }
      }
    },
    {
      "name": "blah_44",
      "from": [9, 6.125, 8],
      "to": [9.125, 6.5, 8.125],
      "faces": {
        "north": { "uv": [9.125, 9.5, 9, 9.875], "texture": "#0" },
        "east": { "uv": [9, 9.5, 9.125, 9.875], "texture": "#0" },
        "south": { "uv": [9, 9.5, 9.125, 9.875], "texture": "#0" },
        "west": { "uv": [9, 9.5, 9.125, 9.875], "texture": "#0" },
        "up": { "uv": [9, 9.5, 9.125, 9.625], "texture": "#0" },
        "down": { "uv": [9, 9.75, 9.125, 9.875], "texture": "#0" }
      }
    },
    {
      "name": "blah_45",
      "from": [8.875, 6.375, 7.95],
      "to": [9, 6.5, 8.175],
      "faces": {
        "north": { "uv": [9.75, 9.5, 9.625, 9.625], "texture": "#0" },
        "east": { "uv": [9.625, 9.5, 9.75, 9.625], "texture": "#0" },
        "south": { "uv": [9.625, 9.5, 9.75, 9.625], "texture": "#0" },
        "west": { "uv": [9.625, 9.5, 9.75, 9.625], "texture": "#0" },
        "up": { "uv": [9.625, 9.5, 9.75, 9.625], "texture": "#0" },
        "down": { "uv": [9.625, 9.5, 9.75, 9.625], "texture": "#0" }
      }
    },
    {
      "name": "blah_46",
      "from": [8.875, 6.25, 8],
      "to": [9, 6.375, 8.125],
      "faces": {
        "north": { "uv": [9, 9.625, 8.875, 9.75], "texture": "#0" },
        "east": { "uv": [8.875, 9.625, 9, 9.75], "texture": "#0" },
        "south": { "uv": [8.875, 9.625, 9, 9.75], "texture": "#0" },
        "west": { "uv": [8.875, 9.625, 9, 9.75], "texture": "#0" },
        "up": { "uv": [8.875, 9.625, 9, 9.75], "texture": "#0" },
        "down": { "uv": [8.875, 9.625, 9, 9.75], "texture": "#0" }
      }
    },
    {
      "name": "blah_47",
      "from": [7.375, 6, 7.7],
      "to": [8.625, 6.25, 8.425],
      "faces": {
        "north": { "uv": [7.375, 9.75, 6.125, 10], "texture": "#0" },
        "east": { "uv": [7.25, 9.75, 7.375, 10], "texture": "#0" },
        "south": { "uv": [6.125, 9.75, 7.375, 10], "texture": "#0" },
        "west": { "uv": [6.125, 9.75, 6.25, 10], "texture": "#0" },
        "up": { "uv": [6.125, 9.75, 7.375, 9.875], "texture": "#0" },
        "down": { "uv": [6.125, 9.875, 7.375, 10], "texture": "#0" }
      }
    },
    {
      "name": "blah_48",
      "from": [9.125, 6.125, 8],
      "to": [9.25, 6.25, 8.125],
      "faces": {
        "north": { "uv": [9.25, 9.75, 9.125, 9.875], "texture": "#0" },
        "east": { "uv": [9.125, 9.75, 9.25, 9.875], "texture": "#0" },
        "south": { "uv": [9.125, 9.75, 9.25, 9.875], "texture": "#0" },
        "west": { "uv": [9.125, 9.75, 9.25, 9.875], "texture": "#0" },
        "up": { "uv": [9.125, 9.75, 9.25, 9.875], "texture": "#0" },
        "down": { "uv": [9.125, 9.75, 9.25, 9.875], "texture": "#0" }
      }
    },
    {
      "name": "blah_49",
      "from": [7.75, 2.625, 7.9],
      "to": [8.25, 6, 8.225],
      "faces": {
        "north": { "uv": [5.5, 10, 5, 13.375], "texture": "#0" },
        "east": { "uv": [5.375, 10, 5.5, 13.375], "texture": "#0" },
        "south": { "uv": [5, 10, 5.5, 13.375], "texture": "#0" },
        "west": { "uv": [5, 10, 5.125, 13.375], "texture": "#0" },
        "up": { "uv": [5, 10, 5.5, 10.125], "texture": "#0" },
        "down": { "uv": [5, 13.25, 5.5, 13.375], "texture": "#0" }
      }
    },
    {
      "name": "blah_50",
      "from": [8.625, 5.75, 7.9],
      "to": [8.875, 6, 8.225],
      "faces": {
        "north": { "uv": [8.625, 10, 8.375, 10.25], "texture": "#0" },
        "east": { "uv": [8.5, 10, 8.625, 10.25], "texture": "#0" },
        "south": { "uv": [8.375, 10, 8.625, 10.25], "texture": "#0" },
        "west": { "uv": [8.375, 10, 8.5, 10.25], "texture": "#0" },
        "up": { "uv": [8.375, 10, 8.625, 10.125], "texture": "#0" },
        "down": { "uv": [8.375, 10.125, 8.625, 10.25], "texture": "#0" }
      }
    },
    {
      "name": "blah_51",
      "from": [7.25, 5.25, 7.95],
      "to": [7.375, 5.875, 8.175],
      "faces": {
        "north": { "uv": [6.875, 10.125, 6.75, 10.75], "texture": "#0" },
        "east": { "uv": [6.75, 10.125, 6.875, 10.75], "texture": "#0" },
        "south": { "uv": [6.75, 10.125, 6.875, 10.75], "texture": "#0" },
        "west": { "uv": [6.75, 10.125, 6.875, 10.75], "texture": "#0" },
        "up": { "uv": [6.75, 10.125, 6.875, 10.25], "texture": "#0" },
        "down": { "uv": [6.75, 10.625, 6.875, 10.75], "texture": "#0" }
      }
    },
    {
      "name": "blah_52",
      "from": [7.375, 5.5, 7.9],
      "to": [7.5, 5.75, 8.225],
      "faces": {
        "north": { "uv": [7, 10.25, 6.875, 10.5], "texture": "#0" },
        "east": { "uv": [6.875, 10.25, 7, 10.5], "texture": "#0" },
        "south": { "uv": [6.875, 10.25, 7, 10.5], "texture": "#0" },
        "west": { "uv": [6.875, 10.25, 7, 10.5], "texture": "#0" },
        "up": { "uv": [6.875, 10.25, 7, 10.375], "texture": "#0" },
        "down": { "uv": [6.875, 10.375, 7, 10.5], "texture": "#0" }
      }
    },
    {
      "name": "blah_53",
      "from": [8.5, 5.375, 7.9],
      "to": [8.75, 5.75, 8.225],
      "faces": {
        "north": { "uv": [8.5, 10.25, 8.25, 10.625], "texture": "#0" },
        "east": { "uv": [8.375, 10.25, 8.5, 10.625], "texture": "#0" },
        "south": { "uv": [8.25, 10.25, 8.5, 10.625], "texture": "#0" },
        "west": { "uv": [8.25, 10.25, 8.375, 10.625], "texture": "#0" },
        "up": { "uv": [8.25, 10.25, 8.5, 10.375], "texture": "#0" },
        "down": { "uv": [8.25, 10.5, 8.5, 10.625], "texture": "#0" }
      }
    },
    {
      "name": "blah_54",
      "from": [8.75, 5.625, 8],
      "to": [8.875, 5.75, 8.125],
      "faces": {
        "north": { "uv": [8.875, 10.25, 8.75, 10.375], "texture": "#0" },
        "east": { "uv": [8.75, 10.25, 8.875, 10.375], "texture": "#0" },
        "south": { "uv": [8.75, 10.25, 8.875, 10.375], "texture": "#0" },
        "west": { "uv": [8.75, 10.25, 8.875, 10.375], "texture": "#0" },
        "up": { "uv": [8.75, 10.25, 8.875, 10.375], "texture": "#0" },
        "down": { "uv": [8.75, 10.25, 8.875, 10.375], "texture": "#0" }
      }
    },
    {
      "name": "blah_55",
      "from": [8.75, 5.125, 7.95],
      "to": [8.875, 5.625, 8.175],
      "faces": {
        "north": { "uv": [8.625, 10.375, 8.5, 10.875], "texture": "#0" },
        "east": { "uv": [8.5, 10.375, 8.625, 10.875], "texture": "#0" },
        "south": { "uv": [8.5, 10.375, 8.625, 10.875], "texture": "#0" },
        "west": { "uv": [8.5, 10.375, 8.625, 10.875], "texture": "#0" },
        "up": { "uv": [8.5, 10.375, 8.625, 10.5], "texture": "#0" },
        "down": { "uv": [8.5, 10.75, 8.625, 10.875], "texture": "#0" }
      }
    },
    {
      "name": "blah_56",
      "from": [8.875, 5.25, 8],
      "to": [9, 5.625, 8.125],
      "faces": {
        "north": { "uv": [9, 10.375, 8.875, 10.75], "texture": "#0" },
        "east": { "uv": [8.875, 10.375, 9, 10.75], "texture": "#0" },
        "south": { "uv": [8.875, 10.375, 9, 10.75], "texture": "#0" },
        "west": { "uv": [8.875, 10.375, 9, 10.75], "texture": "#0" },
        "up": { "uv": [8.875, 10.375, 9, 10.5], "texture": "#0" },
        "down": { "uv": [8.875, 10.625, 9, 10.75], "texture": "#0" }
      }
    },
    {
      "name": "blah_57",
      "from": [7.125, 5, 7.95],
      "to": [7.25, 5.5, 8.175],
      "faces": {
        "north": { "uv": [6.75, 10.5, 6.625, 11], "texture": "#0" },
        "east": { "uv": [6.625, 10.5, 6.75, 11], "texture": "#0" },
        "south": { "uv": [6.625, 10.5, 6.75, 11], "texture": "#0" },
        "west": { "uv": [6.625, 10.5, 6.75, 11], "texture": "#0" },
        "up": { "uv": [6.625, 10.5, 6.75, 10.625], "texture": "#0" },
        "down": { "uv": [6.625, 10.875, 6.75, 11], "texture": "#0" }
      }
    },
    {
      "name": "blah_58",
      "from": [7.375, 5.125, 8],
      "to": [7.5, 5.5, 8.125],
      "faces": {
        "north": { "uv": [7.5, 10.5, 7.375, 10.875], "texture": "#0" },
        "east": { "uv": [7.375, 10.5, 7.5, 10.875], "texture": "#0" },
        "south": { "uv": [7.375, 10.5, 7.5, 10.875], "texture": "#0" },
        "west": { "uv": [7.375, 10.5, 7.5, 10.875], "texture": "#0" },
        "up": { "uv": [7.375, 10.5, 7.5, 10.625], "texture": "#0" },
        "down": { "uv": [7.375, 10.75, 7.5, 10.875], "texture": "#0" }
      }
    },
    {
      "name": "blah_59",
      "from": [8.625, 5.25, 7.95],
      "to": [8.75, 5.375, 8.175],
      "faces": {
        "north": { "uv": [8.5, 10.625, 8.375, 10.75], "texture": "#0" },
        "east": { "uv": [8.375, 10.625, 8.5, 10.75], "texture": "#0" },
        "south": { "uv": [8.375, 10.625, 8.5, 10.75], "texture": "#0" },
        "west": { "uv": [8.375, 10.625, 8.5, 10.75], "texture": "#0" },
        "up": { "uv": [8.375, 10.625, 8.5, 10.75], "texture": "#0" },
        "down": { "uv": [8.375, 10.625, 8.5, 10.75], "texture": "#0" }
      }
    },
    {
      "name": "blah_60",
      "from": [9, 4.875, 8],
      "to": [9.125, 5.375, 8.125],
      "faces": {
        "north": { "uv": [9.125, 10.625, 9, 11.125], "texture": "#0" },
        "east": { "uv": [9, 10.625, 9.125, 11.125], "texture": "#0" },
        "south": { "uv": [9, 10.625, 9.125, 11.125], "texture": "#0" },
        "west": { "uv": [9, 10.625, 9.125, 11.125], "texture": "#0" },
        "up": { "uv": [9, 10.625, 9.125, 10.75], "texture": "#0" },
        "down": { "uv": [9, 11, 9.125, 11.125], "texture": "#0" }
      }
    },
    {
      "name": "blah_61",
      "from": [7.25, 5, 8],
      "to": [7.375, 5.25, 8.125],
      "faces": {
        "north": { "uv": [7.375, 10.75, 7.25, 11], "texture": "#0" },
        "east": { "uv": [7.25, 10.75, 7.375, 11], "texture": "#0" },
        "south": { "uv": [7.25, 10.75, 7.375, 11], "texture": "#0" },
        "west": { "uv": [7.25, 10.75, 7.375, 11], "texture": "#0" },
        "up": { "uv": [7.25, 10.75, 7.375, 10.875], "texture": "#0" },
        "down": { "uv": [7.25, 10.875, 7.375, 11], "texture": "#0" }
      }
    },
    {
      "name": "blah_62",
      "from": [8.875, 5, 7.95],
      "to": [9, 5.25, 8.175],
      "faces": {
        "north": { "uv": [8.75, 10.75, 8.625, 11], "texture": "#0" },
        "east": { "uv": [8.625, 10.75, 8.75, 11], "texture": "#0" },
        "south": { "uv": [8.625, 10.75, 8.75, 11], "texture": "#0" },
        "west": { "uv": [8.625, 10.75, 8.75, 11], "texture": "#0" },
        "up": { "uv": [8.625, 10.75, 8.75, 10.875], "texture": "#0" },
        "down": { "uv": [8.625, 10.875, 8.75, 11], "texture": "#0" }
      }
    },
    {
      "name": "blah_63",
      "from": [7, 4.625, 8],
      "to": [7.125, 5.125, 8.125],
      "faces": {
        "north": { "uv": [7.125, 10.875, 7, 11.375], "texture": "#0" },
        "east": { "uv": [7, 10.875, 7.125, 11.375], "texture": "#0" },
        "south": { "uv": [7, 10.875, 7.125, 11.375], "texture": "#0" },
        "west": { "uv": [7, 10.875, 7.125, 11.375], "texture": "#0" },
        "up": { "uv": [7, 10.875, 7.125, 11], "texture": "#0" },
        "down": { "uv": [7, 11.25, 7.125, 11.375], "texture": "#0" }
      }
    },
    {
      "name": "blah_64",
      "from": [9.125, 4.75, 8],
      "to": [9.25, 5.125, 8.125],
      "faces": {
        "north": { "uv": [9.25, 10.875, 9.125, 11.25], "texture": "#0" },
        "east": { "uv": [9.125, 10.875, 9.25, 11.25], "texture": "#0" },
        "south": { "uv": [9.125, 10.875, 9.25, 11.25], "texture": "#0" },
        "west": { "uv": [9.125, 10.875, 9.25, 11.25], "texture": "#0" },
        "up": { "uv": [9.125, 10.875, 9.25, 11], "texture": "#0" },
        "down": { "uv": [9.125, 11.125, 9.25, 11.25], "texture": "#0" }
      }
    },
    {
      "name": "blah_65",
      "from": [7.125, 4.875, 8],
      "to": [7.25, 5, 8.125],
      "faces": {
        "north": { "uv": [7.25, 11, 7.125, 11.125], "texture": "#0" },
        "east": { "uv": [7.125, 11, 7.25, 11.125], "texture": "#0" },
        "south": { "uv": [7.125, 11, 7.25, 11.125], "texture": "#0" },
        "west": { "uv": [7.125, 11, 7.25, 11.125], "texture": "#0" },
        "up": { "uv": [7.125, 11, 7.25, 11.125], "texture": "#0" },
        "down": { "uv": [7.125, 11, 7.25, 11.125], "texture": "#0" }
      }
    },
    {
      "name": "blah_66",
      "from": [9.25, 4.75, 8],
      "to": [9.375, 5, 8.125],
      "faces": {
        "north": { "uv": [9.375, 11, 9.25, 11.25], "texture": "#0" },
        "east": { "uv": [9.25, 11, 9.375, 11.25], "texture": "#0" },
        "south": { "uv": [9.25, 11, 9.375, 11.25], "texture": "#0" },
        "west": { "uv": [9.25, 11, 9.375, 11.25], "texture": "#0" },
        "up": { "uv": [9.25, 11, 9.375, 11.125], "texture": "#0" },
        "down": { "uv": [9.25, 11.125, 9.375, 11.25], "texture": "#0" }
      }
    },
    {
      "name": "blah_67",
      "from": [9.375, 4.75, 8],
      "to": [9.5, 4.875, 8.125],
      "faces": {
        "north": { "uv": [9.5, 11.125, 9.375, 11.25], "texture": "#0" },
        "east": { "uv": [9.375, 11.125, 9.5, 11.25], "texture": "#0" },
        "south": { "uv": [9.375, 11.125, 9.5, 11.25], "texture": "#0" },
        "west": { "uv": [9.375, 11.125, 9.5, 11.25], "texture": "#0" },
        "up": { "uv": [9.375, 11.125, 9.5, 11.25], "texture": "#0" },
        "down": { "uv": [9.375, 11.125, 9.5, 11.25], "texture": "#0" }
      }
    },
    {
      "name": "blah_68",
      "from": [7.625, 2, 7.9],
      "to": [7.75, 2.75, 8.225],
      "faces": {
        "north": { "uv": [7.25, 13.25, 7.125, 14], "texture": "#0" },
        "east": { "uv": [7.125, 13.25, 7.25, 14], "texture": "#0" },
        "south": { "uv": [7.125, 13.25, 7.25, 14], "texture": "#0" },
        "west": { "uv": [7.125, 13.25, 7.25, 14], "texture": "#0" },
        "up": { "uv": [7.125, 13.25, 7.25, 13.375], "texture": "#0" },
        "down": { "uv": [7.125, 13.875, 7.25, 14], "texture": "#0" }
      }
    },
    {
      "name": "blah_69",
      "from": [8.25, 2.625, 7.9],
      "to": [8.5, 2.75, 8.225],
      "faces": {
        "north": { "uv": [8.5, 13.25, 8.25, 13.375], "texture": "#0" },
        "east": { "uv": [8.375, 13.25, 8.5, 13.375], "texture": "#0" },
        "south": { "uv": [8.25, 13.25, 8.5, 13.375], "texture": "#0" },
        "west": { "uv": [8.25, 13.25, 8.375, 13.375], "texture": "#0" },
        "up": { "uv": [8.25, 13.25, 8.5, 13.375], "texture": "#0" },
        "down": { "uv": [8.25, 13.25, 8.5, 13.375], "texture": "#0" }
      }
    },
    {
      "name": "blah_70",
      "from": [7.5, 2.375, 7.9],
      "to": [7.625, 2.625, 8.225],
      "faces": {
        "north": { "uv": [7.125, 13.375, 7, 13.625], "texture": "#0" },
        "east": { "uv": [7, 13.375, 7.125, 13.625], "texture": "#0" },
        "south": { "uv": [7, 13.375, 7.125, 13.625], "texture": "#0" },
        "west": { "uv": [7, 13.375, 7.125, 13.625], "texture": "#0" },
        "up": { "uv": [7, 13.375, 7.125, 13.5], "texture": "#0" },
        "down": { "uv": [7, 13.5, 7.125, 13.625], "texture": "#0" }
      }
    },
    {
      "name": "blah_71",
      "from": [7.75, 2.375, 7.85],
      "to": [8.125, 2.625, 8.275],
      "faces": {
        "north": { "uv": [7.625, 13.375, 7.25, 13.625], "texture": "#0" },
        "east": { "uv": [7.5, 13.375, 7.625, 13.625], "texture": "#0" },
        "south": { "uv": [7.25, 13.375, 7.625, 13.625], "texture": "#0" },
        "west": { "uv": [7.25, 13.375, 7.375, 13.625], "texture": "#0" },
        "up": { "uv": [7.25, 13.375, 7.625, 13.5], "texture": "#0" },
        "down": { "uv": [7.25, 13.5, 7.625, 13.625], "texture": "#0" }
      }
    },
    {
      "name": "blah_72",
      "from": [8.125, 2.5, 7.9],
      "to": [8.375, 2.625, 8.225],
      "faces": {
        "north": { "uv": [8.375, 13.375, 8.125, 13.5], "texture": "#0" },
        "east": { "uv": [8.25, 13.375, 8.375, 13.5], "texture": "#0" },
        "south": { "uv": [8.125, 13.375, 8.375, 13.5], "texture": "#0" },
        "west": { "uv": [8.125, 13.375, 8.25, 13.5], "texture": "#0" },
        "up": { "uv": [8.125, 13.375, 8.375, 13.5], "texture": "#0" },
        "down": { "uv": [8.125, 13.375, 8.375, 13.5], "texture": "#0" }
      }
    },
    {
      "name": "blah_73",
      "from": [8.125, 2.125, 7.95],
      "to": [8.25, 2.5, 8.175],
      "faces": {
        "north": { "uv": [8.25, 13.5, 8.125, 13.875], "texture": "#0" },
        "east": { "uv": [8.125, 13.5, 8.25, 13.875], "texture": "#0" },
        "south": { "uv": [8.125, 13.5, 8.25, 13.875], "texture": "#0" },
        "west": { "uv": [8.125, 13.5, 8.25, 13.875], "texture": "#0" },
        "up": { "uv": [8.125, 13.5, 8.25, 13.625], "texture": "#0" },
        "down": { "uv": [8.125, 13.75, 8.25, 13.875], "texture": "#0" }
      }
    },
    {
      "name": "blah_74",
      "from": [7.75, 2.25, 7.9],
      "to": [8, 2.375, 8.225],
      "faces": {
        "north": { "uv": [7.5, 13.625, 7.25, 13.75], "texture": "#0" },
        "east": { "uv": [7.375, 13.625, 7.5, 13.75], "texture": "#0" },
        "south": { "uv": [7.25, 13.625, 7.5, 13.75], "texture": "#0" },
        "west": { "uv": [7.25, 13.625, 7.375, 13.75], "texture": "#0" },
        "up": { "uv": [7.25, 13.625, 7.5, 13.75], "texture": "#0" },
        "down": { "uv": [7.25, 13.625, 7.5, 13.75], "texture": "#0" }
      }
    },
    {
      "name": "blah_75",
      "from": [8, 0.875, 8],
      "to": [8.125, 2.375, 8.125],
      "faces": {
        "north": { "uv": [8.125, 13.625, 8, 15.125], "texture": "#0" },
        "east": { "uv": [8, 13.625, 8.125, 15.125], "texture": "#0" },
        "south": { "uv": [8, 13.625, 8.125, 15.125], "texture": "#0" },
        "west": { "uv": [8, 13.625, 8.125, 15.125], "texture": "#0" },
        "up": { "uv": [8, 13.625, 8.125, 13.75], "texture": "#0" },
        "down": { "uv": [8, 15, 8.125, 15.125], "texture": "#0" }
      }
    },
    {
      "name": "blah_76",
      "from": [7.75, 2, 7.9],
      "to": [7.875, 2.25, 8.225],
      "faces": {
        "north": { "uv": [7.375, 13.75, 7.25, 14], "texture": "#0" },
        "east": { "uv": [7.25, 13.75, 7.375, 14], "texture": "#0" },
        "south": { "uv": [7.25, 13.75, 7.375, 14], "texture": "#0" },
        "west": { "uv": [7.25, 13.75, 7.375, 14], "texture": "#0" },
        "up": { "uv": [7.25, 13.75, 7.375, 13.875], "texture": "#0" },
        "down": { "uv": [7.25, 13.875, 7.375, 14], "texture": "#0" }
      }
    },
    {
      "name": "blah_77",
      "from": [7.875, 1.25, 7.95],
      "to": [8, 2.25, 8.175],
      "faces": {
        "north": { "uv": [8, 13.75, 7.875, 14.75], "texture": "#0" },
        "east": { "uv": [7.875, 13.75, 8, 14.75], "texture": "#0" },
        "south": { "uv": [7.875, 13.75, 8, 14.75], "texture": "#0" },
        "west": { "uv": [7.875, 13.75, 8, 14.75], "texture": "#0" },
        "up": { "uv": [7.875, 13.75, 8, 13.875], "texture": "#0" },
        "down": { "uv": [7.875, 14.625, 8, 14.75], "texture": "#0" }
      }
    },
    {
      "name": "blah_78",
      "from": [7.75, 1.375, 7.95],
      "to": [7.875, 2, 8.175],
      "faces": {
        "north": { "uv": [7.875, 14, 7.75, 14.625], "texture": "#0" },
        "east": { "uv": [7.75, 14, 7.875, 14.625], "texture": "#0" },
        "south": { "uv": [7.75, 14, 7.875, 14.625], "texture": "#0" },
        "west": { "uv": [7.75, 14, 7.875, 14.625], "texture": "#0" },
        "up": { "uv": [7.75, 14, 7.875, 14.125], "texture": "#0" },
        "down": { "uv": [7.75, 14.5, 7.875, 14.625], "texture": "#0" }
      }
    },
    {
      "name": "blah_79",
      "from": [8.125, 0.625, 8],
      "to": [8.25, 1.5, 8.125],
      "faces": {
        "north": { "uv": [8.25, 14.5, 8.125, 15.375], "texture": "#0" },
        "east": { "uv": [8.125, 14.5, 8.25, 15.375], "texture": "#0" },
        "south": { "uv": [8.125, 14.5, 8.25, 15.375], "texture": "#0" },
        "west": { "uv": [8.125, 14.5, 8.25, 15.375], "texture": "#0" },
        "up": { "uv": [8.125, 14.5, 8.25, 14.625], "texture": "#0" },
        "down": { "uv": [8.125, 15.25, 8.25, 15.375], "texture": "#0" }
      }
    },
    {
      "from": [-0.1, 2, 8.05],
      "to": [15.9, 18, 8.05],
      "faces": {
        "north": { "uv": [16, 0, 0, 16], "texture": "#1" },
        "south": { "uv": [0, 0, 16, 16], "texture": "#1" }
      }
    }
  ],
  "gui_light": "front",
  "display": {
    "thirdperson_righthand": {
      "rotation": [0, -90, 0],
      "translation": [0, 7.75, 1.25],
      "scale": [2.8, 2.8, 2.8]
    },
    "thirdperson_lefthand": {
      "rotation": [0, 90, 0],
      "translation": [0, 7.75, 1.25],
      "scale": [2.8, 2.8, 2.8]
    },
    "firstperson_righthand": {
      "rotation": [-4, -90, -8],
      "translation": [2.5, 6.5, -0.25],
      "scale": [2, 2, 2]
    },
    "firstperson_lefthand": {
      "rotation": [9, 90, -8],
      "translation": [1.75, 6, -0.5],
      "scale": [2, 2, 2]
    },
    "ground": {
      "translation": [0, 7.75, 0],
      "scale": [2, 2, 2]
    },
    "gui": {
      "rotation": [0, 0, -42],
      "translation": [0.25, 0.5, 0],
      "scale": [2, 2, 2]
    },
    "head": {
      "rotation": [0, 0, -132],
      "translation": [-1, -13.75, 4.25],
      "scale": [3.5, 3.5, 3.5]
    },
    "fixed": {
      "rotation": [-180, 0, 138],
      "translation": [-1.25, 1.75, 0.25],
      "scale": [4, 4, 3]
    }
  },
  "groups": [
    {
      "name": "blah",
      "origin": [8, 8, 8],
      "color": 0,
      "nbt": "{}",
      "children": [
        0, 1, 2, 3, 4, 5, 6, 7, 8, 9, 10, 11, 12, 13, 14, 15, 16, 17, 18, 19,
        20, 21, 22, 23, 24, 25, 26, 27, 28, 29, 30, 31, 32, 33, 34, 35, 36, 37,
        38, 39, 40, 41, 42, 43, 44, 45, 46, 47, 48, 49, 50, 51, 52, 53, 54, 55,
        56, 57, 58, 59, 60, 61, 62, 63, 64, 65, 66, 67, 68, 69, 70, 71, 72, 73,
        74, 75, 76, 77, 78, 79
      ]
    },
    80
  ]
}
