{
  "parent": "minecraft:item/handheld",
  "texture_size": [32, 32],
  "textures": {
    "1": "lapparsenal:item/lappland_sword",
    "particle": "lapparsenal:item/lappland_sword"
  },
  "elements": [
    {
      "name": "blade_1_1",
      "from": [7.75, 16.25, 7.875],
      "to": [8.25, 19.5, 8.125],
      "rotation": { "angle": 0, "axis": "y", "origin": [6, 17.5, 6.5] },
      "faces": {
        "north": { "uv": [2, 0.5, 2.25, 2.125], "texture": "#1" },
        "east": { "uv": [3.5, 3, 3.625, 4.625], "texture": "#1" },
        "south": { "uv": [2, 0.5, 2.25, 2.125], "texture": "#1" },
        "west": { "uv": [3.5, 3, 3.625, 4.625], "texture": "#1" },
        "up": { "uv": [2.75, 7.625, 2.5, 7.5], "texture": "#1" },
        "down": { "uv": [7.75, 2.5, 7.5, 2.625], "texture": "#1" }
      }
    },
    {
      "name": "blade_1_2",
      "from": [7.75, 13, 7.875],
      "to": [8.25, 16.25, 8.125],
      "rotation": { "angle": 0, "axis": "y", "origin": [6, 14.3, 6.5] },
      "faces": {
        "north": { "uv": [2.5, 0.5, 2.75, 2.125], "texture": "#1" },
        "east": { "uv": [0, 4, 0.125, 5.625], "texture": "#1" },
        "south": { "uv": [2.5, 0.5, 2.75, 2.125], "texture": "#1" },
        "west": { "uv": [0, 4, 0.125, 5.625], "texture": "#1" },
        "up": { "uv": [3.25, 7.625, 3, 7.5], "texture": "#1" },
        "down": { "uv": [7.75, 3, 7.5, 3.125], "texture": "#1" }
      }
    },
    {
      "name": "blade_1_3",
      "from": [7.75, 9.75, 7.875],
      "to": [8.25, 13, 8.125],
      "rotation": { "angle": 0, "axis": "y", "origin": [6, 11, 6.5] },
      "faces": {
        "north": { "uv": [2, 2.5, 2.25, 4.125], "texture": "#1" },
        "east": { "uv": [4, 0, 4.125, 1.625], "texture": "#1" },
        "south": { "uv": [2, 2.5, 2.25, 4.125], "texture": "#1" },
        "west": { "uv": [4, 0, 4.125, 1.625], "texture": "#1" },
        "up": { "uv": [3.75, 7.625, 3.5, 7.5], "texture": "#1" },
        "down": { "uv": [7.75, 3.5, 7.5, 3.625], "texture": "#1" }
      }
    },
    {
      "name": "blade_2_1",
      "from": [7.65, 9.75, 7.9375],
      "to": [7.75, 13, 8.0625],
      "rotation": { "angle": 0, "axis": "y", "origin": [6, 11, 6.5] },
      "faces": {
        "north": { "uv": [5, 2, 5.0625, 3.625], "texture": "#1" },
        "east": { "uv": [2.5, 5, 2.5625, 6.625], "texture": "#1" },
        "south": { "uv": [3, 5, 3.0625, 6.625], "texture": "#1" },
        "west": { "uv": [3.5, 5, 3.5625, 6.625], "texture": "#1" },
        "up": { "uv": [0.5625, 8.5625, 0.5, 8.5], "texture": "#1" },
        "down": { "uv": [8.5625, 0.5, 8.5, 0.5625], "texture": "#1" }
      }
    },
    {
      "name": "blade_2_2",
      "from": [7.65, 13, 7.9375],
      "to": [7.75, 16.25, 8.0625],
      "rotation": { "angle": 0, "axis": "y", "origin": [6, 14.25, 6.5] },
      "faces": {
        "north": { "uv": [4, 5, 4.0625, 6.625], "texture": "#1" },
        "east": { "uv": [5, 4, 5.0625, 5.625], "texture": "#1" },
        "south": { "uv": [4.5, 5, 4.5625, 6.625], "texture": "#1" },
        "west": { "uv": [5.5, 0, 5.5625, 1.625], "texture": "#1" },
        "up": { "uv": [1.0625, 8.5625, 1, 8.5], "texture": "#1" },
        "down": { "uv": [8.5625, 1, 8.5, 1.0625], "texture": "#1" }
      }
    },
    {
      "name": "blade_2_3",
      "from": [7.65, 16.25, 7.9375],
      "to": [7.75, 19.5, 8.0625],
      "rotation": { "angle": 0, "axis": "y", "origin": [6, 17.5, 6.5] },
      "faces": {
        "north": { "uv": [0.5, 5.5, 0.5625, 7.125], "texture": "#1" },
        "east": { "uv": [1, 5.5, 1.0625, 7.125], "texture": "#1" },
        "south": { "uv": [1.5, 5.5, 1.5625, 7.125], "texture": "#1" },
        "west": { "uv": [2, 5.5, 2.0625, 7.125], "texture": "#1" },
        "up": { "uv": [1.5625, 8.5625, 1.5, 8.5], "texture": "#1" },
        "down": { "uv": [8.5625, 1.5, 8.5, 1.5625], "texture": "#1" }
      }
    },
    {
      "name": "blade_3",
      "from": [7.85, 19.5, 7.875],
      "to": [8.25, 20, 8.125],
      "rotation": { "angle": 0, "axis": "y", "origin": [6, 11.5, 6.5] },
      "faces": {
        "north": { "uv": [7.5, 1, 7.6875, 1.25], "texture": "#1" },
        "east": { "uv": [4, 7.5, 4.125, 7.75], "texture": "#1" },
        "south": { "uv": [7.5, 1, 7.6875, 1.25], "texture": "#1" },
        "west": { "uv": [7.5, 4, 7.625, 4.25], "texture": "#1" },
        "up": { "uv": [6.6875, 7.625, 6.5, 7.5], "texture": "#1" },
        "down": { "uv": [7.6875, 6.5, 7.5, 6.625], "texture": "#1" }
      }
    },
    {
      "name": "blade_4",
      "from": [7.73, 19.5, 7.9375],
      "to": [7.85, 20, 8.0625],
      "rotation": { "angle": 0, "axis": "y", "origin": [6, 11.5, 6.5] },
      "faces": {
        "north": { "uv": [0, 8, 0.0625, 8.25], "texture": "#1" },
        "east": { "uv": [8, 0, 8.0625, 0.25], "texture": "#1" },
        "south": { "uv": [0.5, 8, 0.5625, 8.25], "texture": "#1" },
        "west": { "uv": [8, 0.5, 8.0625, 0.75], "texture": "#1" },
        "up": { "uv": [2.0625, 8.5625, 2, 8.5], "texture": "#1" },
        "down": { "uv": [8.5625, 2, 8.5, 2.0625], "texture": "#1" }
      }
    },
    {
      "name": "blade_5",
      "from": [7.975, 20, 7.875],
      "to": [8.25, 20.375, 8.125],
      "rotation": { "angle": 0, "axis": "y", "origin": [6, 12, 6.5] },
      "faces": {
        "north": { "uv": [7, 7.5, 7.125, 7.6875], "texture": "#1" },
        "east": { "uv": [7.5, 7, 7.625, 7.1875], "texture": "#1" },
        "south": { "uv": [7, 7.5, 7.125, 7.6875], "texture": "#1" },
        "west": { "uv": [7.5, 7.5, 7.625, 7.6875], "texture": "#1" },
        "up": { "uv": [1.125, 8.125, 1, 8], "texture": "#1" },
        "down": { "uv": [8.125, 1, 8, 1.125], "texture": "#1" }
      }
    },
    {
      "name": "blade_6",
      "from": [7.825, 20, 7.9375],
      "to": [7.975, 20.375, 8.0625],
      "rotation": { "angle": 0, "axis": "y", "origin": [6.12, 12, 6.5] },
      "faces": {
        "north": { "uv": [4.5, 8, 4.5625, 8.1875], "texture": "#1" },
        "east": { "uv": [8, 4.5, 8.0625, 4.6875], "texture": "#1" },
        "south": { "uv": [5, 8, 5.0625, 8.1875], "texture": "#1" },
        "west": { "uv": [8, 5, 8.0625, 5.1875], "texture": "#1" },
        "up": { "uv": [2.5625, 8.5625, 2.5, 8.5], "texture": "#1" },
        "down": { "uv": [8.5625, 2.5, 8.5, 2.5625], "texture": "#1" }
      }
    },
    {
      "name": "blade_7",
      "from": [8.1, 20.375, 7.875],
      "to": [8.25, 20.625, 8.125],
      "rotation": { "angle": 0, "axis": "y", "origin": [6, 12.25, 6.5] },
      "faces": {
        "north": { "uv": [5.5, 8, 5.5625, 8.125], "texture": "#1" },
        "east": { "uv": [1.5, 8, 1.625, 8.125], "texture": "#1" },
        "south": { "uv": [5.5, 8, 5.5625, 8.125], "texture": "#1" },
        "west": { "uv": [8, 1.5, 8.125, 1.625], "texture": "#1" },
        "up": { "uv": [8.0625, 5.625, 8, 5.5], "texture": "#1" },
        "down": { "uv": [6.0625, 8, 6, 8.125], "texture": "#1" }
      }
    },
    {
      "name": "blade_8",
      "from": [7.9, 20.375, 7.9375],
      "to": [8.1, 20.625, 8.0625],
      "rotation": { "angle": 0, "axis": "y", "origin": [6.27, 12.375, 6.5] },
      "faces": {
        "north": { "uv": [2, 8, 2.125, 8.125], "texture": "#1" },
        "east": { "uv": [8, 6, 8.0625, 6.125], "texture": "#1" },
        "south": { "uv": [8, 2, 8.125, 2.125], "texture": "#1" },
        "west": { "uv": [6.5, 8, 6.5625, 8.125], "texture": "#1" },
        "up": { "uv": [8.125, 6.5625, 8, 6.5], "texture": "#1" },
        "down": { "uv": [7.125, 8, 7, 8.0625], "texture": "#1" }
      }
    },
    {
      "name": "blade_9",
      "from": [8, 20.625, 7.9375],
      "to": [8.25, 20.875, 8.0625],
      "rotation": { "angle": 0, "axis": "y", "origin": [6.27, 12.625, 6.5] },
      "faces": {
        "north": { "uv": [2.5, 8, 2.625, 8.125], "texture": "#1" },
        "east": { "uv": [8, 7, 8.0625, 7.125], "texture": "#1" },
        "south": { "uv": [8, 2.5, 8.125, 2.625], "texture": "#1" },
        "west": { "uv": [7.5, 8, 7.5625, 8.125], "texture": "#1" },
        "up": { "uv": [8.125, 7.5625, 8, 7.5], "texture": "#1" },
        "down": { "uv": [8.125, 8, 8, 8.0625], "texture": "#1" }
      }
    },
    {
      "name": "blade_10",
      "from": [8.075, 20.875, 7.9375],
      "to": [8.25, 21.05, 8.0625],
      "rotation": { "angle": 0, "axis": "y", "origin": [6.27, 12.875, 6.5] },
      "faces": {
        "north": { "uv": [3, 8.5, 3.0625, 8.5625], "texture": "#1" },
        "east": { "uv": [8.5, 3, 8.5625, 3.0625], "texture": "#1" },
        "south": { "uv": [3.5, 8.5, 3.5625, 8.5625], "texture": "#1" },
        "west": { "uv": [8.5, 3.5, 8.5625, 3.5625], "texture": "#1" },
        "up": { "uv": [4.0625, 8.5625, 4, 8.5], "texture": "#1" },
        "down": { "uv": [8.5625, 4, 8.5, 4.0625], "texture": "#1" }
      }
    },
    {
      "name": "blade_11",
      "from": [8.15, 21.05, 7.9375],
      "to": [8.25, 21.15, 8.0625],
      "rotation": { "angle": 0, "axis": "y", "origin": [6.27, 12.875, 6.5] },
      "faces": {
        "north": { "uv": [4.5, 8.5, 4.5625, 8.5625], "texture": "#1" },
        "east": { "uv": [8.5, 4.5, 8.5625, 4.5625], "texture": "#1" },
        "south": { "uv": [5, 8.5, 5.0625, 8.5625], "texture": "#1" },
        "west": { "uv": [8.5, 5, 8.5625, 5.0625], "texture": "#1" },
        "up": { "uv": [5.5625, 8.5625, 5.5, 8.5], "texture": "#1" },
        "down": { "uv": [8.5625, 5.5, 8.5, 5.5625], "texture": "#1" }
      }
    },
    {
      "name": "handle_1",
      "from": [7.75, 2, 7.75],
      "to": [8.25, 9.75, 8.25],
      "rotation": { "angle": 0, "axis": "y", "origin": [6, 3.25, 6.5] },
      "faces": {
        "north": { "uv": [0, 0, 0.25, 3.875], "texture": "#1" },
        "east": { "uv": [0.5, 0, 0.75, 3.875], "texture": "#1" },
        "south": { "uv": [1, 0, 1.25, 3.875], "texture": "#1" },
        "west": { "uv": [1.5, 0, 1.75, 3.875], "texture": "#1" },
        "up": { "uv": [7.25, 5.25, 7, 5], "texture": "#1" },
        "down": { "uv": [5.75, 7, 5.5, 7.25], "texture": "#1" }
      }
    },
    {
      "name": "handle_2",
      "from": [8, 1, 7.75],
      "to": [8.25, 2, 8.25],
      "rotation": { "angle": 0, "axis": "y", "origin": [6.25, 0, 7.75] },
      "faces": {
        "north": { "uv": [7, 5.5, 7.125, 6], "texture": "#1" },
        "east": { "uv": [1, 5, 1.25, 5.5], "texture": "#1" },
        "south": { "uv": [6, 7, 6.125, 7.5], "texture": "#1" },
        "west": { "uv": [5, 1, 5.25, 1.5], "texture": "#1" },
        "up": { "uv": [4.625, 7.75, 4.5, 7.5], "texture": "#1" },
        "down": { "uv": [7.625, 4.5, 7.5, 4.75], "texture": "#1" }
      }
    },
    {
      "name": "handle_3",
      "from": [7.75, 1.375, 7.75],
      "to": [8, 2, 8.25],
      "rotation": { "angle": 0, "axis": "y", "origin": [6, 0, 7.75] },
      "faces": {
        "north": { "uv": [2, 7.5, 2.125, 7.8125], "texture": "#1" },
        "east": { "uv": [7, 3.5, 7.25, 3.8125], "texture": "#1" },
        "south": { "uv": [7.5, 2, 7.625, 2.3125], "texture": "#1" },
        "west": { "uv": [4, 7, 4.25, 7.3125], "texture": "#1" },
        "up": { "uv": [5.125, 7.75, 5, 7.5], "texture": "#1" },
        "down": { "uv": [7.625, 5, 7.5, 5.25], "texture": "#1" }
      }
    },
    {
      "name": "handle_4",
      "from": [7.875, 1.125, 7.75],
      "to": [8, 1.375, 8.25],
      "rotation": { "angle": 0, "axis": "y", "origin": [6, -0.5, 7.75] },
      "faces": {
        "north": { "uv": [0, 8.5, 0.0625, 8.625], "texture": "#1" },
        "east": { "uv": [5.5, 7.5, 5.75, 7.625], "texture": "#1" },
        "south": { "uv": [8.5, 0, 8.5625, 0.125], "texture": "#1" },
        "west": { "uv": [7.5, 5.5, 7.75, 5.625], "texture": "#1" },
        "up": { "uv": [3.0625, 8.25, 3, 8], "texture": "#1" },
        "down": { "uv": [8.0625, 3, 8, 3.25], "texture": "#1" }
      }
    },
    {
      "name": "handle_5",
      "from": [8.125, 0.875, 7.75],
      "to": [8.25, 1, 8.25],
      "rotation": { "angle": 0, "axis": "y", "origin": [6.25, -1, 7.75] },
      "faces": {
        "north": { "uv": [6, 8.5, 6.0625, 8.5625], "texture": "#1" },
        "east": { "uv": [3.5, 8, 3.75, 8.0625], "texture": "#1" },
        "south": { "uv": [8.5, 6, 8.5625, 6.0625], "texture": "#1" },
        "west": { "uv": [8, 3.5, 8.25, 3.5625], "texture": "#1" },
        "up": { "uv": [4.0625, 8.25, 4, 8], "texture": "#1" },
        "down": { "uv": [8.0625, 4, 8, 4.25], "texture": "#1" }
      }
    },
    {
      "name": "handle_6",
      "from": [7.88527, 8.4398, 7.688],
      "to": [8.38527, 9.6898, 8.312],
      "rotation": {
        "angle": 12.5,
        "axis": "z",
        "origin": [8.38527, 9.13981, 8.125]
      },
      "faces": {
        "north": { "uv": [2.5, 4, 2.75, 4.625], "texture": "#1" },
        "east": { "uv": [3.5, 0.5, 3.8125, 1.125], "texture": "#1" },
        "south": { "uv": [3, 4, 3.25, 4.625], "texture": "#1" },
        "west": { "uv": [0.5, 4, 0.8125, 4.625], "texture": "#1" },
        "up": { "uv": [7.25, 4.3125, 7, 4], "texture": "#1" },
        "down": { "uv": [4.75, 7, 4.5, 7.3125], "texture": "#1" }
      }
    },
    {
      "name": "handle_7",
      "from": [7.72298, 8.4398, 7.6875],
      "to": [8.22298, 9.6898, 8.3125],
      "rotation": {
        "angle": -2.5,
        "axis": "z",
        "origin": [7.97298, 9.1365, 8]
      },
      "faces": {
        "north": { "uv": [4, 3, 4.25, 3.625], "texture": "#1" },
        "east": { "uv": [1, 4, 1.3125, 4.625], "texture": "#1" },
        "south": { "uv": [4, 4, 4.25, 4.625], "texture": "#1" },
        "west": { "uv": [1.5, 4, 1.8125, 4.625], "texture": "#1" },
        "up": { "uv": [7.25, 4.8125, 7, 4.5], "texture": "#1" },
        "down": { "uv": [5.25, 7, 5, 7.3125], "texture": "#1" }
      }
    },
    {
      "name": "handguard_2",
      "from": [9.46868, 7.30839, 7.6255],
      "to": [9.96868, 7.80839, 8.3745],
      "rotation": {
        "angle": -42.5,
        "axis": "z",
        "origin": [9.78116, 7.55839, 7.875]
      },
      "faces": {
        "north": { "uv": [7, 6, 7.25, 6.25], "texture": "#1" },
        "east": { "uv": [5.5, 2, 5.875, 2.25], "texture": "#1" },
        "south": { "uv": [6.5, 7, 6.75, 7.25], "texture": "#1" },
        "west": { "uv": [5.5, 2.5, 5.875, 2.75], "texture": "#1" },
        "up": { "uv": [5.75, 3.375, 5.5, 3], "texture": "#1" },
        "down": { "uv": [5.75, 3.5, 5.5, 3.875], "texture": "#1" }
      }
    },
    {
      "name": "handguard_3",
      "from": [9.51167, 7.50132, 7.6245],
      "to": [10.01167, 8.25132, 8.3755],
      "rotation": {
        "angle": 22.5,
        "axis": "z",
        "origin": [9.76167, 7.75132, 7.9375]
      },
      "faces": {
        "north": { "uv": [5.5, 4, 5.75, 4.375], "texture": "#1" },
        "east": { "uv": [4.5, 1, 4.875, 1.375], "texture": "#1" },
        "south": { "uv": [5.5, 4.5, 5.75, 4.875], "texture": "#1" },
        "west": { "uv": [4.5, 1.5, 4.875, 1.875], "texture": "#1" },
        "up": { "uv": [5.75, 5.375, 5.5, 5], "texture": "#1" },
        "down": { "uv": [5.75, 5.5, 5.5, 5.875], "texture": "#1" }
      }
    },
    {
      "name": "handguard_4",
      "from": [8.97654, 8.02993, 7.625],
      "to": [9.72654, 8.52993, 8.375],
      "rotation": {
        "angle": -30,
        "axis": "z",
        "origin": [9.35154, 8.27993, 7.9375]
      },
      "faces": {
        "north": { "uv": [0, 6, 0.375, 6.25], "texture": "#1" },
        "east": { "uv": [6, 0, 6.375, 0.25], "texture": "#1" },
        "south": { "uv": [6, 0.5, 6.375, 0.75], "texture": "#1" },
        "west": { "uv": [6, 1, 6.375, 1.25], "texture": "#1" },
        "up": { "uv": [2.375, 4.875, 2, 4.5], "texture": "#1" },
        "down": { "uv": [4.875, 2.5, 4.5, 2.875], "texture": "#1" }
      }
    },
    {
      "name": "handguard_5",
      "from": [8.59134, 8.2248, 7.6255],
      "to": [9.09134, 8.7248, 8.3745],
      "rotation": {
        "angle": -15,
        "axis": "z",
        "origin": [8.96634, 8.4748, 7.9375]
      },
      "faces": {
        "north": { "uv": [7, 6.5, 7.25, 6.75], "texture": "#1" },
        "east": { "uv": [6, 1.5, 6.375, 1.75], "texture": "#1" },
        "south": { "uv": [7, 7, 7.25, 7.25], "texture": "#1" },
        "west": { "uv": [6, 2, 6.375, 2.25], "texture": "#1" },
        "up": { "uv": [6.25, 2.875, 6, 2.5], "texture": "#1" },
        "down": { "uv": [6.25, 3, 6, 3.375], "texture": "#1" }
      }
    },
    {
      "name": "handguard_6",
      "from": [7.65803, 8.31903, 7.625],
      "to": [8.65803, 8.81903, 8.375],
      "rotation": {
        "angle": -2.5,
        "axis": "z",
        "origin": [8.53303, 8.56903, 7.9375]
      },
      "faces": {
        "north": { "uv": [1.5, 5, 2, 5.25], "texture": "#1" },
        "east": { "uv": [6, 3.5, 6.375, 3.75], "texture": "#1" },
        "south": { "uv": [5, 1.5, 5.5, 1.75], "texture": "#1" },
        "west": { "uv": [6, 4, 6.375, 4.25], "texture": "#1" },
        "up": { "uv": [3.5, 2.375, 3, 2], "texture": "#1" },
        "down": { "uv": [4, 2, 3.5, 2.375], "texture": "#1" }
      }
    },
    {
      "name": "handguard_7",
      "from": [6.99726, 8.26842, 7.6255],
      "to": [7.74726, 8.76842, 8.3745],
      "rotation": { "angle": 15, "axis": "z", "origin": [7.37226, 8.51842, 8] },
      "faces": {
        "north": { "uv": [6, 4.5, 6.375, 4.75], "texture": "#1" },
        "east": { "uv": [5, 6, 5.375, 6.25], "texture": "#1" },
        "south": { "uv": [6, 5, 6.375, 5.25], "texture": "#1" },
        "west": { "uv": [5.5, 6, 5.875, 6.25], "texture": "#1" },
        "up": { "uv": [4.875, 3.375, 4.5, 3], "texture": "#1" },
        "down": { "uv": [4.875, 3.5, 4.5, 3.875], "texture": "#1" }
      }
    },
    {
      "name": "handguard_8",
      "from": [6.60694, 7.84591, 7.625],
      "to": [7.10694, 8.59591, 8.375],
      "rotation": {
        "angle": -45,
        "axis": "z",
        "origin": [6.85694, 8.22091, 8]
      },
      "faces": {
        "north": { "uv": [6, 5.5, 6.25, 5.875], "texture": "#1" },
        "east": { "uv": [4.5, 4, 4.875, 4.375], "texture": "#1" },
        "south": { "uv": [6, 6, 6.25, 6.375], "texture": "#1" },
        "west": { "uv": [4.5, 4.5, 4.875, 4.875], "texture": "#1" },
        "up": { "uv": [0.25, 6.875, 0, 6.5], "texture": "#1" },
        "down": { "uv": [6.75, 0, 6.5, 0.375], "texture": "#1" }
      }
    },
    {
      "name": "handguard_9",
      "from": [6.33875, 7.78857, 7.6255],
      "to": [6.83875, 8.03857, 8.3745],
      "rotation": {
        "angle": -25,
        "axis": "z",
        "origin": [6.58875, 7.91357, 8]
      },
      "faces": {
        "north": { "uv": [6, 7.5, 6.25, 7.625], "texture": "#1" },
        "east": { "uv": [1.5, 7.5, 1.875, 7.625], "texture": "#1" },
        "south": { "uv": [7.5, 6, 7.75, 6.125], "texture": "#1" },
        "west": { "uv": [7.5, 1.5, 7.875, 1.625], "texture": "#1" },
        "up": { "uv": [6.75, 0.875, 6.5, 0.5], "texture": "#1" },
        "down": { "uv": [6.75, 1, 6.5, 1.375], "texture": "#1" }
      }
    },
    {
      "name": "handguard_top_accent_1",
      "from": [9.35, 7.46398, 7.725],
      "to": [9.775, 8.01398, 8.275],
      "rotation": {
        "angle": 2.5,
        "axis": "z",
        "origin": [9.53878, 7.73898, 8]
      },
      "faces": {
        "north": { "uv": [2, 5, 2.3125, 5.375], "texture": "#1" },
        "east": { "uv": [5, 0, 5.375, 0.375], "texture": "#1" },
        "south": { "uv": [2, 5, 2.3125, 5.375], "texture": "#1" },
        "west": { "uv": [5, 0, 5.375, 0.375], "texture": "#1" },
        "up": { "uv": [2.3125, 5.375, 2, 5], "texture": "#1" },
        "down": { "uv": [2.3125, 5, 2, 5.375], "texture": "#1" }
      }
    },
    {
      "name": "handguard_top_accent_2",
      "from": [8.98397, 7.90805, 7.725],
      "to": [9.53397, 8.20805, 8.275],
      "rotation": {
        "angle": -30,
        "axis": "z",
        "origin": [9.25897, 8.05805, 7.9375]
      },
      "faces": {
        "north": { "uv": [6.5, 1.5, 6.875, 1.75], "texture": "#1" },
        "east": { "uv": [6.5, 1.5, 6.875, 1.75], "texture": "#1" },
        "south": { "uv": [6.5, 1.5, 6.875, 1.75], "texture": "#1" },
        "west": { "uv": [6.5, 1.5, 6.875, 1.75], "texture": "#1" },
        "up": { "uv": [5.375, 0.375, 5, 0], "texture": "#1" },
        "down": { "uv": [5.375, 0, 5, 0.375], "texture": "#1" }
      }
    },
    {
      "name": "handguard_top_accent_3",
      "from": [8.50784, 8.03703, 7.725],
      "to": [9.05784, 8.33703, 8.275],
      "rotation": {
        "angle": -15,
        "axis": "z",
        "origin": [9.03284, 8.18703, 7.9375]
      },
      "faces": {
        "north": { "uv": [6.5, 1.5, 6.875, 1.75], "texture": "#1" },
        "east": { "uv": [6.5, 1.5, 6.875, 1.75], "texture": "#1" },
        "south": { "uv": [6.5, 1.5, 6.875, 1.75], "texture": "#1" },
        "west": { "uv": [6.5, 1.5, 6.875, 1.75], "texture": "#1" },
        "up": { "uv": [5.375, 0.375, 5, 0], "texture": "#1" },
        "down": { "uv": [5.375, 0, 5, 0.375], "texture": "#1" }
      }
    },
    {
      "name": "handguard_top_accent_4",
      "from": [7.50803, 8.16903, 7.725],
      "to": [8.55803, 8.46903, 8.275],
      "rotation": {
        "angle": -2.5,
        "axis": "z",
        "origin": [8.53303, 8.31903, 7.9375]
      },
      "faces": {
        "north": { "uv": [4, 2, 4.625, 2.25], "texture": "#1" },
        "east": { "uv": [6.5, 1.5, 6.875, 1.75], "texture": "#1" },
        "south": { "uv": [4, 2, 4.625, 2.25], "texture": "#1" },
        "west": { "uv": [6.5, 1.5, 6.875, 1.75], "texture": "#1" },
        "up": { "uv": [3.625, 1.875, 3, 1.5], "texture": "#1" },
        "down": { "uv": [3.625, 1.5, 3, 1.875], "texture": "#1" }
      }
    },
    {
      "name": "handguard_top_accent_5",
      "from": [7.01375, 8.14754, 7.725],
      "to": [7.56375, 8.44754, 8.275],
      "rotation": { "angle": 15, "axis": "z", "origin": [7.28875, 8.29754, 8] },
      "faces": {
        "north": { "uv": [6.5, 1.5, 6.875, 1.75], "texture": "#1" },
        "east": { "uv": [6.5, 1.5, 6.875, 1.75], "texture": "#1" },
        "south": { "uv": [6.5, 1.5, 6.875, 1.75], "texture": "#1" },
        "west": { "uv": [6.5, 1.5, 6.875, 1.75], "texture": "#1" },
        "up": { "uv": [5.375, 0.375, 5, 0], "texture": "#1" },
        "down": { "uv": [5.375, 0, 5, 0.375], "texture": "#1" }
      }
    },
    {
      "name": "handguard_top_accent_6",
      "from": [6.65468, 7.94, 7.725],
      "to": [7.20468, 8.24, 8.275],
      "rotation": {
        "angle": 37.5,
        "axis": "z",
        "origin": [6.92968, 8.04239, 8]
      },
      "faces": {
        "north": { "uv": [6.5, 1.5, 6.875, 1.75], "texture": "#1" },
        "east": { "uv": [6.5, 1.5, 6.875, 1.75], "texture": "#1" },
        "south": { "uv": [6.5, 1.5, 6.875, 1.75], "texture": "#1" },
        "west": { "uv": [6.5, 1.5, 6.875, 1.75], "texture": "#1" },
        "up": { "uv": [5.375, 0.375, 5, 0], "texture": "#1" },
        "down": { "uv": [5.375, 0, 5, 0.375], "texture": "#1" }
      }
    },
    {
      "name": "handguard_middle_1",
      "from": [6.52855, 6.60649, 7.625],
      "to": [9.77855, 7.10649, 8.375],
      "rotation": {
        "angle": 22.5,
        "axis": "z",
        "origin": [8.15355, 6.85649, 8]
      },
      "faces": {
        "north": { "uv": [2.5, 2.5, 4.125, 2.75], "texture": "#1" },
        "east": { "uv": [6.5, 2, 6.875, 2.25], "texture": "#1" },
        "south": { "uv": [2.5, 2.5, 4.125, 2.75], "texture": "#1" },
        "west": { "uv": [6.5, 2, 6.875, 2.25], "texture": "#1" },
        "up": { "uv": [3.625, 0.375, 2, 0], "texture": "#1" },
        "down": { "uv": [3.625, 0, 2, 0.375], "texture": "#1" }
      }
    },
    {
      "name": "handguard_bottom_1",
      "from": [6.61789, 5.76471, 7.6245],
      "to": [7.11789, 6.51471, 8.3755],
      "rotation": { "angle": 10, "axis": "z", "origin": [6.86789, 6.13971, 8] },
      "faces": {
        "north": { "uv": [6.5, 2.5, 6.75, 2.875], "texture": "#1" },
        "east": { "uv": [0.5, 5, 0.875, 5.375], "texture": "#1" },
        "south": { "uv": [6.5, 2.5, 6.75, 2.875], "texture": "#1" },
        "west": { "uv": [0.5, 5, 0.875, 5.375], "texture": "#1" },
        "up": { "uv": [6.75, 3.375, 6.5, 3], "texture": "#1" },
        "down": { "uv": [6.75, 3.5, 6.5, 3.875], "texture": "#1" }
      }
    },
    {
      "name": "handguard_bottom_2",
      "from": [6.81128, 4.60121, 7.625],
      "to": [7.31128, 5.85121, 8.375],
      "rotation": {
        "angle": 22.5,
        "axis": "z",
        "origin": [7.06128, 5.47621, 8]
      },
      "faces": {
        "north": { "uv": [4.5, 0, 4.75, 0.625], "texture": "#1" },
        "east": { "uv": [2.5, 3, 2.875, 3.625], "texture": "#1" },
        "south": { "uv": [4.5, 0, 4.75, 0.625], "texture": "#1" },
        "west": { "uv": [2.5, 3, 2.875, 3.625], "texture": "#1" },
        "up": { "uv": [6.75, 4.375, 6.5, 4], "texture": "#1" },
        "down": { "uv": [6.75, 4.5, 6.5, 4.875], "texture": "#1" }
      }
    },
    {
      "name": "handguard_bottom_3",
      "from": [7.33504, 4.28336, 7.6255],
      "to": [7.83504, 4.78336, 8.3745],
      "rotation": { "angle": 35, "axis": "z", "origin": [7.58504, 4.40836, 8] },
      "faces": {
        "north": { "uv": [0, 7.5, 0.25, 7.75], "texture": "#1" },
        "east": { "uv": [5, 6.5, 5.375, 6.75], "texture": "#1" },
        "south": { "uv": [0, 7.5, 0.25, 7.75], "texture": "#1" },
        "west": { "uv": [5, 6.5, 5.375, 6.75], "texture": "#1" },
        "up": { "uv": [6.75, 5.375, 6.5, 5], "texture": "#1" },
        "down": { "uv": [5.75, 6.5, 5.5, 6.875], "texture": "#1" }
      }
    },
    {
      "name": "handguard_bottom_4",
      "from": [7.55248, 3.95872, 7.625],
      "to": [8.05248, 4.45872, 8.375],
      "rotation": {
        "angle": -37.5,
        "axis": "z",
        "origin": [7.80248, 4.20872, 8]
      },
      "faces": {
        "north": { "uv": [7.5, 0, 7.75, 0.25], "texture": "#1" },
        "east": { "uv": [6.5, 5.5, 6.875, 5.75], "texture": "#1" },
        "south": { "uv": [7.5, 0, 7.75, 0.25], "texture": "#1" },
        "west": { "uv": [6, 6.5, 6.375, 6.75], "texture": "#1" },
        "up": { "uv": [6.75, 6.375, 6.5, 6], "texture": "#1" },
        "down": { "uv": [6.5, 6, 6.75, 6.375], "texture": "#1" }
      }
    },
    {
      "name": "handguard_bottom_5",
      "from": [7.91223, 3.77144, 7.6255],
      "to": [8.41223, 4.27144, 8.3745],
      "rotation": {
        "angle": -17.5,
        "axis": "z",
        "origin": [8.16223, 4.02144, 8]
      },
      "faces": {
        "north": { "uv": [0.5, 7.5, 0.75, 7.75], "texture": "#1" },
        "east": { "uv": [6.5, 6.5, 6.875, 6.75], "texture": "#1" },
        "south": { "uv": [0.5, 7.5, 0.75, 7.75], "texture": "#1" },
        "west": { "uv": [0, 7, 0.375, 7.25], "texture": "#1" },
        "up": { "uv": [7.25, 0.375, 7, 0], "texture": "#1" },
        "down": { "uv": [7, 0, 7.25, 0.375], "texture": "#1" }
      }
    },
    {
      "name": "handguard_bottom_6",
      "from": [8.31434, 3.71851, 7.625],
      "to": [9.06434, 4.21851, 8.375],
      "rotation": {
        "angle": 2.5,
        "axis": "z",
        "origin": [8.56434, 3.96851, 8]
      },
      "faces": {
        "north": { "uv": [7, 0.5, 7.375, 0.75], "texture": "#1" },
        "east": { "uv": [7, 1, 7.375, 1.25], "texture": "#1" },
        "south": { "uv": [7, 0.5, 7.375, 0.75], "texture": "#1" },
        "west": { "uv": [7, 1.5, 7.375, 1.75], "texture": "#1" },
        "up": { "uv": [5.375, 0.875, 5, 0.5], "texture": "#1" },
        "down": { "uv": [5, 0.5, 5.375, 0.875], "texture": "#1" }
      }
    },
    {
      "name": "handguard_bottom_7",
      "from": [8.87092, 3.84108, 7.6245],
      "to": [9.37092, 4.34108, 8.3755],
      "rotation": {
        "angle": 37.5,
        "axis": "z",
        "origin": [9.12092, 4.09108, 8]
      },
      "faces": {
        "north": { "uv": [7.5, 0.5, 7.75, 0.75], "texture": "#1" },
        "east": { "uv": [7, 2, 7.375, 2.25], "texture": "#1" },
        "south": { "uv": [7.5, 0.5, 7.75, 0.75], "texture": "#1" },
        "west": { "uv": [2.5, 7, 2.875, 7.25], "texture": "#1" },
        "up": { "uv": [7.25, 2.875, 7, 2.5], "texture": "#1" },
        "down": { "uv": [7, 2.5, 7.25, 2.875], "texture": "#1" }
      }
    },
    {
      "name": "handguard_bottom_9",
      "from": [9.11478, 4.10782, 7.625],
      "to": [9.61478, 4.60782, 8.375],
      "rotation": {
        "angle": -20,
        "axis": "z",
        "origin": [9.36478, 4.48282, 8]
      },
      "faces": {
        "north": { "uv": [1, 7.5, 1.25, 7.75], "texture": "#1" },
        "east": { "uv": [3, 7, 3.375, 7.25], "texture": "#1" },
        "south": { "uv": [1, 7.5, 1.25, 7.75], "texture": "#1" },
        "west": { "uv": [3, 7, 3.375, 7.25], "texture": "#1" },
        "up": { "uv": [1, 7.5, 1.25, 7.75], "texture": "#1" },
        "down": { "uv": [7.25, 3, 7, 3.375], "texture": "#1" }
      }
    },
    {
      "name": "handguard_bottom_accent_1",
      "from": [7.12, 4.70121, 7.725],
      "to": [7.42, 6.25121, 8.275],
      "rotation": { "angle": 15, "axis": "z", "origin": [7.06128, 5.47621, 8] },
      "faces": {
        "north": { "uv": [3, 3, 3.25, 3.875], "texture": "#1" },
        "east": { "uv": [3, 0.5, 3.375, 1.375], "texture": "#1" },
        "south": { "uv": [3, 3, 3.25, 3.875], "texture": "#1" },
        "west": { "uv": [3, 0.5, 3.375, 1.375], "texture": "#1" },
        "up": { "uv": [3.75, 7.375, 3.5, 7], "texture": "#1" },
        "down": { "uv": [3.5, 7, 3.75, 7.375], "texture": "#1" }
      }
    }
  ],
  "display": {
    "thirdperson_righthand": {
      "rotation": [0, -90, -19],
      "translation": [0, 4, 2.75],
      "scale": [2.5, 2.5, 2.5]
    },
    "thirdperson_lefthand": {
      "rotation": [0, 90, -3],
      "translation": [0, 4, 0.75],
      "scale": [2.5, 2.5, 2.5]
    },
    "firstperson_righthand": {
      "rotation": [0, -90, 5],
      "scale": [1.25, 1.25, 1.25]
    },
    "firstperson_lefthand": {
      "rotation": [0, 90, -5],
      "scale": [1.25, 1.25, 1.25]
    },
    "ground": {
      "rotation": [0, 0, 10],
      "translation": [0, 9.75, 0],
      "scale": [2.5, 2.5, 2.5]
    },
    "gui": {
      "rotation": [0, -180, 45],
      "translation": [-2.25, -2.5, 0],
      "scale": [1.1, 1.1, 1.1]
    },
    "fixed": {
      "translation": [0, 5.25, -0.25],
      "scale": [3, 3, 3]
    },
    "on_shelf": {
      "scale": [2, 2, 2]
    }
  },
  "groups": [
    {
      "name": "lappland_blade",
      "origin": [6, 2, 0],
      "color": 0,
      "children": [
        {
          "name": "blade",
          "origin": [6, 2, 0],
          "color": 3,
          "children": [0, 1, 2, 3, 4, 5, 6, 7, 8, 9, 10, 11, 12, 13, 14]
        },
        {
          "name": "handle",
          "origin": [8, 8, 8],
          "color": 4,
          "children": [15, 16, 17, 18, 19, 20, 21]
        },
        {
          "name": "handguard",
          "origin": [8, 8, 8],
          "color": 0,
          "children": [
            {
              "name": "handguard_top",
              "origin": [6.58875, 6.66357, 1.5],
              "color": 0,
              "children": [22, 23, 24, 25, 26, 27, 28, 29]
            },
            {
              "name": "handguard_top_accent",
              "origin": [6.58875, 6.66357, 1.5],
              "color": 1,
              "children": [30, 31, 32, 33, 34, 35]
            },
            {
              "name": "handguard_middle",
              "origin": [8.15355, 5.60649, 1.5],
              "color": 0,
              "children": [36]
            },
            {
              "name": "handguard_bottom",
              "origin": [9.47451, 3.66117, 1.5],
              "color": 0,
              "children": [37, 38, 39, 40, 41, 42, 43, 44]
            },
            {
              "name": "handguard_bottom_accent",
              "origin": [9.47451, 3.66117, 1.5],
              "color": 1,
              "children": [45]
            }
          ]
        }
      ]
    }
  ]
}
